Group_ID,Experiment_Number,Tube_numbers,Outer-diameter,Wall-thickness,Target-angle,Wiper-die shortening,Pressure-die lateral position,Pressure-die distance,Pressure-die boost,Mandrel position,Mandrel retraction timing,Collet boost,Clamp-die lateral position
1,"[1, 2, 3]","[107, 106, 105]",22.0,1.0,47.0,5.0,-50.45,0.3,0.0,-2909.8,2.0,0.85,225.25
2,"[4, 5]","[104, 103]",22.0,1.0,47.0,5.0,-50.45,0.3,0.0,-2909.6,2.0,0.85,225.25
3,"[6, 7]","[102, 101]",22.0,1.0,47.0,5.0,-50.45,0.3,0.0,-2909.4,2.0,0.85,225.25
4,"[8, 9]","[100, 99]",22.0,1.0,47.0,5.0,-50.45,0.3,0.0,-2909.2,2.0,0.85,225.25
5,"[10, 11]","[98, 97]",22.0,1.0,47.0,5.0,-50.45,0.3,0.0,-2909.0,2.0,0.85,225.25
6,"[12, 13]","[96, 95]",22.0,1.0,47.0,5.0,-50.45,0.3,0.0,-2908.8,2.0,0.85,225.25
7,"[14, 15, 50]","[94, 93, 58]",22.0,1.0,47.0,5.0,-50.45,0.3,0.0,-2908.6,2.0,0.85,225.25
8,"[16, 17]","[92, 91]",22.0,1.0,47.0,5.0,-50.45,0.3,0.0,-2908.4,2.0,0.85,225.25
9,"[18, 19]","[90, 89]",22.0,1.0,47.0,5.0,-50.45,0.3,0.0,-2908.2,2.0,0.85,225.25
10,"[20, 21, 51, 52, 53]","[88, 87, 57, 56, 55]",22.0,1.0,47.0,5.0,-50.45,0.3,0.0,-2908.0,2.0,0.85,225.25
11,"[22, 23, 54]","[86, 85, 54]",22.0,1.0,47.0,5.0,-50.45,0.3,0.0,-2907.8,2.0,0.85,225.25
12,[55],[53],22.0,1.0,47.0,5.0,-50.45,0.3,0.0,-2907.8,2.0,0.85,225.35
13,"[24, 25, 43, 45, 46, 47]","[84, 83, 65, 63, 62, 61]",22.0,1.0,47.0,5.0,-50.45,0.3,0.0,-2907.6,2.0,0.85,225.25
14,[56],[52],22.0,1.0,47.0,5.0,-50.45,0.3,0.0,-2907.6,2.0,0.85,225.4
15,"[26, 27]","[82, 81]",22.0,1.0,47.0,5.0,-50.45,0.3,0.0,-2907.4,2.0,0.85,225.25
16,"[28, 29]","[80, 79]",22.0,1.0,47.0,5.0,-50.45,0.3,0.0,-2907.2,2.0,0.85,225.25
17,"[30, 31, 44]","[78, 77, 64]",22.0,1.0,47.0,5.0,-50.45,0.3,0.0,-2907.0,2.0,0.85,225.25
18,"[32, 33]","[76, 75]",22.0,1.0,47.0,5.0,-50.45,0.3,0.0,-2906.8,2.0,0.85,225.25
19,"[34, 35]","[74, 73]",22.0,1.0,47.0,5.0,-50.45,0.3,0.0,-2906.6,2.0,0.85,225.25
20,"[36, 37]","[72, 71]",22.0,1.0,47.0,5.0,-50.45,0.3,0.0,-2906.4,2.0,0.85,225.25
21,[38],[70],22.0,1.0,47.0,5.0,-50.45,0.3,0.0,-2906.2,2.0,0.85,225.25
22,[39],[69],22.0,1.0,47.0,5.0,-50.45,0.3,0.0,-2906.0,2.0,0.85,225.25
23,[40],[68],22.0,1.0,47.0,5.0,-50.45,0.3,0.0,-2905.8,2.0,0.85,225.25
24,[41],[67],22.0,1.0,47.0,5.0,-50.45,0.3,0.0,-2905.6,2.0,0.85,225.25
25,[42],[66],22.0,1.0,47.0,5.0,-50.45,0.3,0.0,-2905.4,2.0,0.85,225.25
26,[57],[51],22.0,1.0,47.0,5.0,-50.45,0.3,0.85,-2907.6,2.0,0.85,225.4
27,"[193, 194, 195]","[128, 127, 126]",22.0,1.0,47.0,5.0,-50.45,0.6,0.0,-2907.6,0.0,0.85,225.4
28,"[268, 269, 270]","[265, 264, 263]",22.0,1.0,47.0,5.0,-50.45,0.6,0.0,-2907.6,0.0,0.87,225.4
29,"[241, 242, 243]","[292, 291, 290]",22.0,1.0,47.0,5.0,-50.45,0.6,0.0,-2907.6,0.0,0.9,225.4
30,"[253, 257, 259]","[280, 276, 274]",22.0,1.0,47.0,5.0,-50.45,0.6,0.0,-2907.6,0.0,0.92,225.4
31,"[196, 197, 198]","[125, 124, 123]",22.0,1.0,47.0,5.0,-50.45,0.6,0.0,-2907.6,0.0,0.95,225.4
32,"[223, 224, 225]","[310, 309, 308]",22.0,1.0,47.0,5.0,-50.45,0.6,0.0,-2907.6,5.0,0.85,225.4
33,"[265, 266, 267]","[268, 267, 266]",22.0,1.0,47.0,5.0,-50.45,0.6,0.0,-2907.6,5.0,0.87,225.4
34,"[238, 239, 240]","[295, 294, 293]",22.0,1.0,47.0,5.0,-50.45,0.6,0.0,-2907.6,5.0,0.9,225.4
35,"[254, 256, 260]","[279, 277, 273]",22.0,1.0,47.0,5.0,-50.45,0.6,0.0,-2907.6,5.0,0.92,225.4
36,"[220, 221, 222]","[313, 312, 311]",22.0,1.0,47.0,5.0,-50.45,0.6,0.0,-2907.6,5.0,0.95,225.4
37,"[208, 209, 210]","[113, 112, 111]",22.0,1.0,47.0,5.0,-50.45,0.6,0.0,-2907.6,10.0,0.85,225.4
38,"[262, 263, 264]","[271, 270, 269]",22.0,1.0,47.0,5.0,-50.45,0.6,0.0,-2907.6,10.0,0.87,225.4
39,"[235, 236, 237]","[298, 297, 296]",22.0,1.0,47.0,5.0,-50.45,0.6,0.0,-2907.6,10.0,0.9,225.4
40,"[255, 258, 261]","[278, 275, 272]",22.0,1.0,47.0,5.0,-50.45,0.6,0.0,-2907.6,10.0,0.92,225.4
41,"[205, 206, 207]","[116, 115, 114]",22.0,1.0,47.0,5.0,-50.45,0.6,0.0,-2907.6,10.0,0.95,225.4
42,"[190, 191, 192]","[131, 130, 129]",22.0,1.0,47.0,5.0,-50.45,0.6,0.85,-2907.6,0.0,0.85,225.4
43,"[280, 281, 282, 283, 284]","[253, 252, 251, 250, 249]",22.0,1.0,47.0,5.0,-50.45,0.6,0.85,-2907.6,2.0,0.85,225.4
44,"[214, 215, 216]","[319, 318, 317]",22.0,1.0,47.0,5.0,-50.45,0.6,0.85,-2907.6,5.0,0.85,225.4
45,"[211, 212, 213]","[110, 109, 108]",22.0,1.0,47.0,5.0,-50.45,0.6,0.85,-2907.6,10.0,0.85,225.4
46,"[271, 272, 273]","[262, 261, 260]",22.0,1.0,47.0,5.0,-50.45,0.6,0.87,-2907.6,0.0,0.87,225.4
47,"[274, 275, 276]","[259, 258, 257]",22.0,1.0,47.0,5.0,-50.45,0.6,0.87,-2907.6,5.0,0.87,225.4
48,"[277, 278, 279]","[256, 255, 254]",22.0,1.0,47.0,5.0,-50.45,0.6,0.87,-2907.6,10.0,0.87,225.4
49,"[290, 291, 292]","[243, 242, 241]",22.0,1.0,47.0,5.0,-50.45,0.6,0.9,-2909.6,2.0,0.9,225.4
50,"[293, 294, 295]","[240, 239, 238]",22.0,1.0,47.0,5.0,-50.45,0.6,0.9,-2909.1,2.0,0.9,225.4
51,"[296, 297, 298]","[237, 236, 235]",22.0,1.0,47.0,5.0,-50.45,0.6,0.9,-2908.6,2.0,0.9,225.4
52,"[299, 300, 301]","[234, 233, 232]",22.0,1.0,47.0,5.0,-50.45,0.6,0.9,-2908.1,2.0,0.9,225.4
53,"[226, 227, 228]","[307, 306, 305]",22.0,1.0,47.0,5.0,-50.45,0.6,0.9,-2907.6,0.0,0.9,225.4
54,"[302, 303, 304, 317, 318]","[231, 230, 229, 216, 215]",22.0,1.0,47.0,5.0,-50.45,0.6,0.9,-2907.6,2.0,0.9,225.4
55,"[229, 230, 231]","[304, 303, 302]",22.0,1.0,47.0,5.0,-50.45,0.6,0.9,-2907.6,5.0,0.9,225.4
56,"[232, 233, 234]","[301, 300, 299]",22.0,1.0,47.0,5.0,-50.45,0.6,0.9,-2907.6,10.0,0.9,225.4
57,"[305, 306, 307]","[228, 227, 226]",22.0,1.0,47.0,5.0,-50.45,0.6,0.9,-2907.1,2.0,0.9,225.4
58,"[308, 309, 310]","[225, 224, 223]",22.0,1.0,47.0,5.0,-50.45,0.6,0.9,-2906.6,2.0,0.9,225.4
59,"[311, 312, 313]","[222, 221, 220]",22.0,1.0,47.0,5.0,-50.45,0.6,0.9,-2906.1,2.0,0.9,225.4
60,"[314, 315, 316]","[219, 218, 217]",22.0,1.0,47.0,5.0,-50.45,0.6,0.9,-2905.6,2.0,0.9,225.4
61,"[244, 247, 250]","[289, 286, 283]",22.0,1.0,47.0,5.0,-50.45,0.6,0.92,-2907.6,0.0,0.92,225.4
62,"[245, 248, 251]","[288, 285, 282]",22.0,1.0,47.0,5.0,-50.45,0.6,0.92,-2907.6,5.0,0.92,225.4
63,"[246, 249, 252]","[287, 284, 281]",22.0,1.0,47.0,5.0,-50.45,0.6,0.92,-2907.6,10.0,0.92,225.4
64,"[199, 200, 201]","[122, 121, 120]",22.0,1.0,47.0,5.0,-50.45,0.6,0.95,-2907.6,0.0,0.95,225.4
65,"[285, 286, 287, 288, 289]","[248, 247, 246, 245, 244]",22.0,1.0,47.0,5.0,-50.45,0.6,0.95,-2907.6,2.0,0.95,225.4
66,"[217, 218, 219]","[316, 315, 314]",22.0,1.0,47.0,5.0,-50.45,0.6,0.95,-2907.6,5.0,0.95,225.4
67,"[202, 203, 204]","[119, 118, 117]",22.0,1.0,47.0,5.0,-50.45,0.6,0.95,-2907.6,10.0,0.95,225.4
68,"[59, 90, 129, 152]","[49, 18, 193, 170]",22.0,1.0,47.0,5.0,-50.45,0.9,0.0,-2907.6,0.0,0.85,225.4
69,"[88, 115, 184, 185]","[20, 207, 137, 136]",22.0,1.0,47.0,5.0,-50.45,0.9,0.0,-2907.6,0.0,0.87,225.4
70,"[69, 103, 134, 154]","[39, 5, 188, 168]",22.0,1.0,47.0,5.0,-50.45,0.9,0.0,-2907.6,0.0,0.9,225.4
71,"[83, 110, 182, 183]","[25, 212, 139, 138]",22.0,1.0,47.0,5.0,-50.45,0.9,0.0,-2907.6,0.0,0.92,225.4
72,"[70, 92, 135, 165]","[38, 16, 187, 156]",22.0,1.0,47.0,5.0,-50.45,0.9,0.0,-2907.6,0.0,0.95,225.4
73,"[60, 99, 130, 151]","[48, 9, 192, 171]",22.0,1.0,47.0,5.0,-50.45,0.9,0.0,-2907.6,5.0,0.85,225.4
74,"[87, 114, 186, 187]","[21, 208, 135, 134]",22.0,1.0,47.0,5.0,-50.45,0.9,0.0,-2907.6,5.0,0.87,225.4
75,"[68, 102, 133, 155]","[40, 6, 189, 167]",22.0,1.0,47.0,5.0,-50.45,0.9,0.0,-2907.6,5.0,0.9,225.4
76,"[84, 111, 180, 181]","[24, 211, 141, 140]",22.0,1.0,47.0,5.0,-50.45,0.9,0.0,-2907.6,5.0,0.92,225.4
77,"[71, 93, 136, 164]","[37, 15, 186, 157]",22.0,1.0,47.0,5.0,-50.45,0.9,0.0,-2907.6,5.0,0.95,225.4
78,"[61, 100, 131, 150, 153]","[47, 8, 191, 172, 169]",22.0,1.0,47.0,5.0,-50.45,0.9,0.0,-2907.6,10.0,0.85,225.4
79,"[86, 113, 188, 189]","[22, 209, 133, 132]",22.0,1.0,47.0,5.0,-50.45,0.9,0.0,-2907.6,10.0,0.87,225.4
80,"[67, 101, 132, 156]","[41, 7, 190, 165]",22.0,1.0,47.0,5.0,-50.45,0.9,0.0,-2907.6,10.0,0.9,225.4
81,"[85, 112, 178, 179]","[23, 210, 143, 142]",22.0,1.0,47.0,5.0,-50.45,0.9,0.0,-2907.6,10.0,0.92,225.4
82,"[72, 94, 137, 163]","[36, 14, 185, 158]",22.0,1.0,47.0,5.0,-50.45,0.9,0.0,-2907.6,10.0,0.95,225.4
83,"[58, 89, 146, 147]","[50, 19, 176, 175]",22.0,1.0,47.0,5.0,-50.45,0.9,0.85,-2907.6,0.0,0.85,225.4
84,"[119, 120, 121, 122, 123]","[203, 202, 201, 200, 199]",22.0,1.0,47.0,5.0,-50.45,0.9,0.85,-2907.6,2.0,0.85,225.4
85,"[62, 98, 145, 148]","[46, 10, 177, 174]",22.0,1.0,47.0,5.0,-50.45,0.9,0.85,-2907.6,5.0,0.85,225.4
86,"[63, 97, 144, 149]","[45, 11, 178, 173]",22.0,1.0,47.0,5.0,-50.45,0.9,0.85,-2907.6,10.0,0.85,225.4
87,"[77, 116, 168, 174]","[31, 206, 153, 147]",22.0,1.0,47.0,5.0,-50.45,0.9,0.87,-2907.6,0.0,0.87,225.4
88,"[78, 117, 167, 173]","[30, 205, 154, 148]",22.0,1.0,47.0,5.0,-50.45,0.9,0.87,-2907.6,5.0,0.87,225.4
89,"[79, 118, 166, 172]","[29, 204, 155, 149]",22.0,1.0,47.0,5.0,-50.45,0.9,0.87,-2907.6,10.0,0.87,225.4
90,"[64, 76, 104, 141, 159]","[44, 32, 4, 181, 162]",22.0,1.0,47.0,5.0,-50.45,0.9,0.9,-2907.6,0.0,0.9,225.4
91,"[65, 105, 142, 158]","[43, 3, 180, 163]",22.0,1.0,47.0,5.0,-50.45,0.9,0.9,-2907.6,5.0,0.9,225.4
92,"[66, 106, 143, 157]","[42, 2, 179, 164]",22.0,1.0,47.0,5.0,-50.45,0.9,0.9,-2907.6,10.0,0.9,225.4
93,"[82, 109, 169, 175]","[26, 213, 152, 146]",22.0,1.0,47.0,5.0,-50.45,0.9,0.92,-2907.6,0.0,0.92,225.4
94,"[81, 108, 170, 176]","[27, 214, 151, 145]",22.0,1.0,47.0,5.0,-50.45,0.9,0.92,-2907.6,5.0,0.92,225.4
95,"[80, 107, 171, 177]","[28, 1, 150, 144]",22.0,1.0,47.0,5.0,-50.45,0.9,0.92,-2907.6,10.0,0.92,225.4
96,"[75, 91, 140, 160]","[33, 17, 182, 161]",22.0,1.0,47.0,5.0,-50.45,0.9,0.95,-2907.6,0.0,0.95,225.4
97,"[124, 125, 126, 127, 128]","[198, 197, 196, 195, 194]",22.0,1.0,47.0,5.0,-50.45,0.9,0.95,-2907.6,2.0,0.95,225.4
98,"[74, 96, 139, 161]","[34, 12, 183, 160]",22.0,1.0,47.0,5.0,-50.45,0.9,0.95,-2907.6,5.0,0.95,225.4
99,"[73, 95, 138, 162]","[35, 13, 184, 159]",22.0,1.0,47.0,5.0,-50.45,0.9,0.95,-2907.6,10.0,0.95,225.4
100,"[48, 49]","[60, 59]",22.0,1.0,47.0,5.0,-50.25,0.3,0.0,-2907.6,2.0,0.85,225.25
